0.002355,0.808736061
0.00314,0.950859461
0.003925,0.999999683
0.00471,0.951351376
0.005495,0.809671788
0.00628,0.588815562
0.007065,0.31037991
0.00785,0.001592653
0.008635,-0.307350347
0.00942,-0.586237999
0.010205,-0.807798281
0.01099,-0.950365133
0.011775,-0.999997146
0.01256,-0.951840879
0.013345,-0.810605462
0.01413,-0.590102105
0.014915,-0.311893512
0.0157,-0.003185302
0.016485,0.305834394
0.01727,0.584946986
0.018055,0.806858453
0.01884,0.949868395
0.019625,0.999992073
0.02041,0.952327967
0.021195,0.81153708
0.02198,0.591387151
0.022765,0.313406323
0.000785,0.30886552
0.00157,0.587527526
0.002355,0.808736061
0.00314,0.950859461
0.003925,0.999999683
0.00471,0.951351376
0.005495,0.809671788
0.00628,0.588815562
0.007065,0.31037991
0.00785,0.001592653
0.008635,-0.307350347
0.00942,-0.586237999
0.010205,-0.807798281
0.01099,-0.950365133
0.011775,-0.999997146
0.01256,-0.951840879
0.013345,-0.810605462
0.01413,-0.590102105
0.014915,-0.311893512
0.0157,-0.003185302
0.016485,0.305834394
0.01727,0.584946986
0.018055,0.806858453
0.01884,0.949868395
0.019625,0.999992073
0.02041,0.952327967
0.021195,0.81153708
0.02198,0.591387151
0.022765,0.313406323
0.000785,0.30886552
0.00157,0.587527526
0.002355,0.808736061
0.00314,0.950859461
0.003925,0.999999683
0.00471,0.951351376
0.005495,0.809671788
0.00628,0.588815562
0.007065,0.31037991
0.00785,0.001592653
0.008635,-0.307350347
0.00942,-0.586237999
0.010205,-0.807798281
0.01099,-0.950365133
0.011775,-0.999997146
0.01256,-0.951840879
0.013345,-0.810605462
0.01413,-0.590102105
0.014915,-0.311893512
0.0157,-0.003185302
0.016485,0.305834394
0.01727,0.584946986
0.018055,0.806858453
0.01884,0.949868395
0.019625,0.999992073
0.02041,0.952327967
0.021195,0.81153708
0.02198,0.591387151
0.022765,0.313406323
0.000785,0.30886552
0.00157,0.587527526
0.002355,0.808736061
0.00314,0.950859461
0.003925,0.999999683
0.00471,0.951351376
0.005495,0.809671788
0.00628,0.588815562
0.007065,0.31037991
0.00785,0.001592653
0.008635,-0.307350347
0.00942,-0.586237999
0.010205,-0.807798281
0.01099,-0.950365133
0.011775,-0.999997146
0.01256,-0.951840879
0.013345,-0.810605462
0.01413,-0.590102105
0.014915,-0.311893512
0.0157,-0.003185302
0.016485,0.305834394
0.01727,0.584946986
0.018055,0.806858453
0.01884,0.949868395
0.019625,0.999992073
0.02041,0.952327967
0.021195,0.81153708
0.02198,0.591387151
0.022765,0.313406323
0.000785,0.30886552
0.00157,0.587527526
0.002355,0.808736061
0.00314,0.950859461
0.003925,0.999999683
0.00471,0.951351376
0.005495,0.809671788
0.00628,0.588815562
0.007065,0.31037991
0.00785,0.001592653
0.008635,-0.307350347
0.00942,-0.586237999
0.010205,-0.807798281
0.01099,-0.950365133
0.011775,-0.999997146
0.01256,-0.951840879
0.013345,-0.810605462
0.01413,-0.590102105
0.014915,-0.311893512
0.0157,-0.003185302
0.016485,0.305834394
0.01727,0.584946986
0.018055,0.806858453
0.01884,0.949868395
0.019625,0.999992073
0.02041,0.952327967
0.021195,0.81153708
0.02198,0.591387151
0.022765,0.313406323
0.000785,0.30886552
0.00157,0.587527526
0.002355,0.808736061
0.00314,0.950859461
0.003925,0.999999683
0.00471,0.951351376
0.005495,0.809671788
0.00628,0.588815562
0.007065,0.31037991
0.00785,0.001592653
0.008635,-0.307350347
0.00942,-0.586237999
0.010205,-0.807798281
0.01099,-0.950365133
0.011775,-0.999997146
0.01256,-0.951840879
0.013345,-0.810605462
0.01413,-0.590102105
0.014915,-0.311893512
0.0157,-0.003185302
0.016485,0.305834394
0.01727,0.584946986
0.018055,0.806858453
0.01884,0.949868395
0.019625,0.999992073
0.02041,0.952327967
0.021195,0.81153708
0.02198,0.591387151
0.022765,0.313406323
0.000785,0.30886552
0.00157,0.587527526
0.002355,0.808736061
0.00314,0.950859461
0.003925,0.999999683
0.00471,0.951351376
0.005495,0.809671788
0.00628,0.588815562
0.007065,0.31037991
0.00785,0.001592653
0.008635,-0.307350347
0.00942,-0.586237999
0.010205,-0.807798281
0.01099,-0.950365133
0.011775,-0.999997146
0.01256,-0.951840879
0.013345,-0.810605462
0.01413,-0.590102105
0.014915,-0.311893512
0.0157,-0.003185302
0.016485,0.305834394
0.01727,0.584946986
0.018055,0.806858453
0.01884,0.949868395
0.019625,0.999992073
0.02041,0.952327967
0.021195,0.81153708
0.02198,0.591387151
0.022765,0.313406323
0.000785,0.30886552
0.00157,0.587527526
0.002355,0.808736061
0.00314,0.950859461
0.003925,0.999999683
0.00471,0.951351376
0.005495,0.809671788
0.00628,0.588815562
0.007065,0.31037991
0.00785,0.001592653
0.008635,-0.307350347
0.00942,-0.586237999
0.010205,-0.807798281
0.01099,-0.950365133
0.011775,-0.999997146
0.01256,-0.951840879
0.013345,-0.810605462
0.01413,-0.590102105
0.014915,-0.311893512
0.0157,-0.003185302
0.016485,0.305834394
0.01727,0.584946986
0.018055,0.806858453
0.01884,0.949868395
0.019625,0.999992073
0.02041,0.952327967
0.021195,0.81153708
0.02198,0.591387151
0.022765,0.313406323
0.000785,0.30886552
0.00157,0.587527526
0.002355,0.808736061
0.00314,0.950859461
0.003925,0.999999683
0.00471,0.951351376
0.005495,0.809671788
0.00628,0.588815562
0.007065,0.31037991
0.00785,0.001592653
0.008635,-0.307350347
0.00942,-0.586237999
0.010205,-0.807798281
0.01099,-0.950365133
0.011775,-0.999997146
0.01256,-0.951840879
0.013345,-0.810605462
0.01413,-0.590102105
0.014915,-0.311893512
0.0157,-0.003185302
0.016485,0.305834394
0.01727,0.584946986
0.018055,0.806858453
0.01884,0.949868395
0.019625,0.999992073
0.02041,0.952327967
0.021195,0.81153708
0.02198,0.591387151
0.022765,0.313406323
0.000785,0.30886552
0.00157,0.587527526
0.002355,0.808736061
0.00314,0.950859461
0.003925,0.999999683
0.00471,0.951351376
0.005495,0.809671788
0.00628,0.588815562
0.007065,0.31037991
0.00785,0.001592653
0.008635,-0.307350347
0.00942,-0.586237999
0.010205,-0.807798281
0.01099,-0.950365133
0.011775,-0.999997146
0.01256,-0.951840879
0.013345,-0.810605462
0.01413,-0.590102105
0.014915,-0.311893512
0.0157,-0.003185302
0.016485,0.305834394
0.01727,0.584946986
0.018055,0.806858453
0.01884,0.949868395
0.019625,0.999992073
0.02041,0.952327967
0.021195,0.81153708
0.02198,0.591387151
0.022765,0.313406323
0.000785,0.30886552
0.00157,0.587527526
0.002355,0.808736061
0.00314,0.950859461
0.003925,0.999999683
0.00471,0.951351376
0.005495,0.809671788
0.00628,0.588815562
0.007065,0.31037991
0.00785,0.001592653
0.008635,-0.307350347
0.00942,-0.586237999
0.010205,-0.807798281
0.01099,-0.950365133
0.011775,-0.999997146
0.01256,-0.951840879
0.013345,-0.810605462
0.01413,-0.590102105
0.014915,-0.311893512
0.0157,-0.003185302
0.016485,0.305834394
0.01727,0.584946986
0.018055,0.806858453
0.01884,0.949868395
0.019625,0.999992073
0.02041,0.952327967
0.021195,0.81153708
0.02198,0.591387151
0.022765,0.313406323
0.000785,0.30886552
0.00157,0.587527526
0.002355,0.808736061
0.00314,0.950859461
0.003925,0.999999683
0.00471,0.951351376
0.005495,0.809671788
0.00628,0.588815562
0.007065,0.31037991
0.00785,0.001592653
0.008635,-0.307350347
0.00942,-0.586237999
0.010205,-0.807798281
0.01099,-0.950365133
0.011775,-0.999997146
0.01256,-0.951840879
0.013345,-0.810605462
0.01413,-0.590102105
0.014915,-0.311893512
0.0157,-0.003185302
0.016485,0.305834394
0.01727,0.584946986
0.018055,0.806858453
0.01884,0.949868395
0.019625,0.999992073
0.02041,0.952327967
0.021195,0.81153708
0.02198,0.591387151
0.022765,0.313406323
0.000785,0.30886552
0.00157,0.587527526
0.002355,0.808736061
0.00314,0.950859461
0.003925,0.999999683
0.00471,0.951351376
0.005495,0.809671788
0.00628,0.588815562
0.007065,0.31037991
0.00785,0.001592653
0.008635,-0.307350347
0.00942,-0.586237999
0.010205,-0.807798281
0.01099,-0.950365133
0.011775,-0.999997146
0.01256,-0.951840879
0.013345,-0.810605462
0.01413,-0.590102105
0.014915,-0.311893512
0.0157,-0.003185302
0.016485,0.305834394
0.01727,0.584946986
0.018055,0.806858453
0.01884,0.949868395
0.019625,0.999992073
0.02041,0.952327967
0.021195,0.81153708
0.02198,0.591387151
0.022765,0.313406323
0.000785,0.30886552
0.00157,0.587527526
0.002355,0.808736061
0.00314,0.950859461
0.003925,0.999999683
0.00471,0.951351376
0.005495,0.809671788
0.00628,0.588815562
0.007065,0.31037991
0.00785,0.001592653
0.008635,-0.307350347
0.00942,-0.586237999
0.010205,-0.807798281
0.01099,-0.950365133
0.011775,-0.999997146
0.01256,-0.951840879
0.013345,-0.810605462
0.01413,-0.590102105
0.014915,-0.311893512
0.0157,-0.003185302
0.016485,0.305834394
0.01727,0.584946986
0.018055,0.806858453
0.01884,0.949868395
0.019625,0.999992073
0.02041,0.952327967
0.021195,0.81153708
0.02198,0.591387151
0.022765,0.313406323
0.000785,0.30886552
0.00157,0.587527526
0.002355,0.808736061
0.00314,0.950859461
0.003925,0.999999683
0.00471,0.951351376
0.005495,0.809671788
0.00628,0.588815562
0.007065,0.31037991
0.00785,0.001592653
0.008635,-0.307350347
0.00942,-0.586237999
0.010205,-0.807798281
0.01099,-0.950365133
0.011775,-0.999997146
0.01256,-0.951840879
0.013345,-0.810605462
0.01413,-0.590102105
0.014915,-0.311893512
0.0157,-0.003185302
0.016485,0.305834394
0.01727,0.584946986
0.018055,0.806858453
0.01884,0.949868395
0.019625,0.999992073
0.02041,0.952327967
0.021195,0.81153708
0.02198,0.591387151
0.022765,0.313406323
0.000785,0.30886552
0.00157,0.587527526
0.002355,0.808736061
0.00314,0.950859461
0.003925,0.999999683
0.00471,0.951351376
0.005495,0.809671788
0.00628,0.588815562
0.007065,0.31037991
0.00785,0.001592653
0.008635,-0.307350347
0.00942,-0.586237999
0.010205,-0.807798281
0.01099,-0.950365133
0.011775,-0.999997146
0.01256,-0.951840879
0.013345,-0.810605462
0.01413,-0.590102105
0.014915,-0.311893512
0.0157,-0.003185302
0.016485,0.305834394
0.01727,0.584946986
0.018055,0.806858453
0.01884,0.949868395
0.019625,0.999992073
0.02041,0.952327967
0.021195,0.81153708
0.02198,0.591387151
0.022765,0.313406323
0.000785,0.30886552
0.00157,0.587527526
0.002355,0.808736061
0.00314,0.950859461
0.003925,0.999999683
0.00471,0.951351376
0.005495,0.809671788
0.00628,0.588815562
0.007065,0.31037991
0.00785,0.001592653
0.008635,-0.307350347
0.00942,-0.586237999
0.010205,-0.807798281
0.01099,-0.950365133
0.011775,-0.999997146
0.01256,-0.951840879
0.013345,-0.810605462
0.01413,-0.590102105
0.014915,-0.311893512
0.0157,-0.003185302
0.016485,0.305834394
0.01727,0.584946986
0.018055,0.806858453
0.01884,0.949868395
0.019625,0.999992073
0.02041,0.952327967
0.021195,0.81153708
0.02198,0.591387151
0.022765,0.313406323
0.000785,0.30886552
0.00157,0.587527526
0.002355,0.808736061
0.00314,0.950859461
0.003925,0.999999683
0.00471,0.951351376
0.005495,0.809671788
0.00628,0.588815562
0.007065,0.31037991
0.00785,0.001592653
0.008635,-0.307350347
0.00942,-0.586237999
0.010205,-0.807798281
0.01099,-0.950365133
0.011775,-0.999997146
0.01256,-0.951840879
0.013345,-0.810605462
0.01413,-0.590102105
0.014915,-0.311893512
0.0157,-0.003185302
0.016485,0.305834394
0.01727,0.584946986
0.018055,0.806858453
0.01884,0.949868395
0.019625,0.999992073
0.02041,0.952327967
0.021195,0.81153708
0.02198,0.591387151
0.022765,0.313406323
0.000785,0.30886552
0.00157,0.587527526
0.002355,0.808736061
0.00314,0.950859461
0.003925,0.999999683
0.00471,0.951351376
0.005495,0.809671788
0.00628,0.588815562
0.007065,0.31037991
0.00785,0.001592653
0.008635,-0.307350347
0.00942,-0.586237999
0.010205,-0.807798281
0.01099,-0.950365133
0.011775,-0.999997146
0.01256,-0.951840879
0.013345,-0.810605462
0.01413,-0.590102105
0.014915,-0.311893512
0.0157,-0.003185302
0.016485,0.305834394
0.01727,0.584946986
0.018055,0.806858453
0.01884,0.949868395
0.019625,0.999992073
0.02041,0.952327967
0.021195,0.81153708
0.02198,0.591387151
0.022765,0.313406323
0.000785,0.30886552
0.00157,0.587527526
0.002355,0.808736061
0.00314,0.950859461
0.003925,0.999999683
0.00471,0.951351376
0.005495,0.809671788
0.00628,0.588815562
0.007065,0.31037991
0.00785,0.001592653
0.008635,-0.307350347
0.00942,-0.586237999
0.010205,-0.807798281
0.01099,-0.950365133
0.011775,-0.999997146
0.01256,-0.951840879
0.013345,-0.810605462
0.01413,-0.590102105
0.014915,-0.311893512
0.0157,-0.003185302
0.016485,0.305834394
0.01727,0.584946986
0.018055,0.806858453
0.01884,0.949868395
0.019625,0.999992073
0.02041,0.952327967
0.021195,0.81153708
0.02198,0.591387151
0.022765,0.313406323
0.000785,0.30886552
0.00157,0.587527526
0.002355,0.808736061
0.00314,0.950859461
0.003925,0.999999683
0.00471,0.951351376
0.005495,0.809671788
0.00628,0.588815562
0.007065,0.31037991
0.00785,0.001592653
0.008635,-0.307350347
0.00942,-0.586237999
0.010205,-0.807798281
0.01099,-0.950365133
0.011775,-0.999997146
0.01256,-0.951840879
0.013345,-0.810605462
0.01413,-0.590102105
0.014915,-0.311893512
0.0157,-0.003185302
0.016485,0.305834394
0.01727,0.584946986
0.018055,0.806858453
0.01884,0.949868395
0.019625,0.999992073
0.02041,0.952327967
0.021195,0.81153708
0.02198,0.591387151
0.022765,0.313406323
0.000785,0.30886552
0.00157,0.587527526
0.002355,0.808736061
0.00314,0.950859461
0.003925,0.999999683
0.00471,0.951351376
0.005495,0.809671788
0.00628,0.588815562
0.007065,0.31037991
0.00785,0.001592653
0.008635,-0.307350347
0.00942,-0.586237999
0.010205,-0.807798281
0.01099,-0.950365133
0.011775,-0.999997146
0.01256,-0.951840879
0.013345,-0.810605462
0.01413,-0.590102105
0.014915,-0.311893512
0.0157,-0.003185302
0.016485,0.305834394
0.01727,0.584946986
0.018055,0.806858453
0.01884,0.949868395
0.019625,0.999992073
0.02041,0.952327967
0.021195,0.81153708
0.02198,0.591387151
0.022765,0.313406323
0.000785,0.30886552
0.00157,0.587527526
0.002355,0.808736061
0.00314,0.950859461
0.003925,0.999999683
0.00471,0.951351376
0.005495,0.809671788
0.00628,0.588815562
0.007065,0.31037991
0.00785,0.001592653
0.008635,-0.307350347
0.00942,-0.586237999
0.010205,-0.807798281
0.01099,-0.950365133
0.011775,-0.999997146
0.01256,-0.951840879
0.013345,-0.810605462
0.01413,-0.590102105
0.014915,-0.311893512
0.0157,-0.003185302
0.016485,0.305834394
0.01727,0.584946986
0.018055,0.806858453
0.01884,0.949868395
0.019625,0.999992073
0.02041,0.952327967
0.021195,0.81153708
0.02198,0.591387151
0.022765,0.313406323
0.000785,0.30886552
0.00157,0.587527526
0.002355,0.808736061
0.00314,0.950859461
0.003925,0.999999683
0.00471,0.951351376
0.005495,0.809671788
0.00628,0.588815562
0.007065,0.31037991
0.00785,0.001592653
0.008635,-0.307350347
0.00942,-0.586237999
0.010205,-0.807798281
0.01099,-0.950365133
0.011775,-0.999997146
0.01256,-0.951840879
0.013345,-0.810605462
0.01413,-0.590102105
0.014915,-0.311893512
0.0157,-0.003185302
0.016485,0.305834394
0.01727,0.584946986
0.018055,0.806858453
0.01884,0.949868395
0.019625,0.999992073
0.02041,0.952327967
0.021195,0.81153708
0.02198,0.591387151
0.022765,0.313406323
0.000785,0.30886552
0.00157,0.587527526
0.002355,0.808736061
0.00314,0.950859461
0.003925,0.999999683
0.00471,0.951351376
0.005495,0.809671788
0.00628,0.588815562
0.007065,0.31037991
0.00785,0.001592653
0.008635,-0.307350347
0.00942,-0.586237999
0.010205,-0.807798281
0.01099,-0.950365133
0.011775,-0.999997146
0.01256,-0.951840879
0.013345,-0.810605462
0.01413,-0.590102105
0.014915,-0.311893512
0.0157,-0.003185302
0.016485,0.305834394
0.01727,0.584946986
0.018055,0.806858453
0.01884,0.949868395
0.019625,0.999992073
0.02041,0.952327967
0.021195,0.81153708
0.02198,0.591387151
0.022765,0.313406323
0.000785,0.30886552
0.00157,0.587527526
0.002355,0.808736061
0.00314,0.950859461
0.003925,0.999999683
0.00471,0.951351376
0.005495,0.809671788
0.00628,0.588815562
0.007065,0.31037991
0.00785,0.001592653
0.008635,-0.307350347
0.00942,-0.586237999
0.010205,-0.807798281
0.01099,-0.950365133
0.011775,-0.999997146
0.01256,-0.951840879
0.013345,-0.810605462
0.01413,-0.590102105
0.014915,-0.311893512
0.0157,-0.003185302
0.016485,0.305834394
0.01727,0.584946986
0.018055,0.806858453
0.01884,0.949868395
0.019625,0.999992073
0.02041,0.952327967
0.021195,0.81153708
0.02198,0.591387151
0.022765,0.313406323
0.000785,0.30886552
0.00157,0.587527526
0.002355,0.808736061
0.00314,0.950859461
0.003925,0.999999683
0.00471,0.951351376
0.005495,0.809671788
0.00628,0.588815562
0.007065,0.31037991
0.00785,0.001592653
0.008635,-0.307350347
0.00942,-0.586237999
0.010205,-0.807798281
0.01099,-0.950365133
0.011775,-0.999997146
0.01256,-0.951840879
0.013345,-0.810605462
0.01413,-0.590102105
0.014915,-0.311893512
0.0157,-0.003185302
0.016485,0.305834394
0.01727,0.584946986
0.018055,0.806858453
0.01884,0.949868395
0.019625,0.999992073
0.02041,0.952327967
0.021195,0.81153708
0.02198,0.591387151
0.022765,0.313406323
0.000785,0.30886552
0.00157,0.587527526
0.002355,0.808736061
0.00314,0.950859461
0.003925,0.999999683
0.00471,0.951351376
0.005495,0.809671788
0.00628,0.588815562
0.007065,0.31037991
0.00785,0.001592653
0.008635,-0.307350347
0.00942,-0.586237999
0.010205,-0.807798281
0.01099,-0.950365133
0.011775,-0.999997146
0.01256,-0.951840879
0.013345,-0.810605462
0.01413,-0.590102105
0.014915,-0.311893512
0.0157,-0.003185302
0.016485,0.305834394
0.01727,0.584946986
0.018055,0.806858453
0.01884,0.949868395
0.019625,0.999992073
0.02041,0.952327967
0.021195,0.81153708
0.02198,0.591387151
0.022765,0.313406323
0.000785,0.30886552
0.00157,0.587527526
0.002355,0.808736061
0.00314,0.950859461
0.003925,0.999999683
0.00471,0.951351376
0.005495,0.809671788
0.00628,0.588815562
0.007065,0.31037991
0.00785,0.001592653
0.008635,-0.307350347
0.00942,-0.586237999
0.010205,-0.807798281
0.01099,-0.950365133
0.011775,-0.999997146
0.01256,-0.951840879
0.013345,-0.810605462
0.01413,-0.590102105
0.014915,-0.311893512
0.0157,-0.003185302
0.016485,0.305834394
0.01727,0.584946986
0.018055,0.806858453
0.01884,0.949868395
0.019625,0.999992073
0.02041,0.952327967
0.021195,0.81153708
0.02198,0.591387151
0.022765,0.313406323
0.000785,0.30886552
0.00157,0.587527526
0.002355,0.808736061
0.00314,0.950859461
0.003925,0.999999683
0.00471,0.951351376
0.005495,0.809671788
0.00628,0.588815562
0.007065,0.31037991
0.00785,0.001592653
0.008635,-0.307350347
0.00942,-0.586237999
0.010205,-0.807798281
0.01099,-0.950365133
0.011775,-0.999997146
0.01256,-0.951840879
0.013345,-0.810605462
0.01413,-0.590102105
0.014915,-0.311893512
0.0157,-0.003185302
0.016485,0.305834394
0.01727,0.584946986
0.018055,0.806858453
0.01884,0.949868395
0.019625,0.999992073
0.02041,0.952327967
0.021195,0.81153708
0.02198,0.591387151
0.022765,0.313406323
0.000785,0.30886552
0.00157,0.587527526
0.002355,0.808736061
0.00314,0.950859461
0.003925,0.999999683
0.00471,0.951351376
0.005495,0.809671788
0.00628,0.588815562
0.007065,0.31037991
0.00785,0.001592653
0.008635,-0.307350347
0.00942,-0.586237999
0.010205,-0.807798281
0.01099,-0.950365133
0.011775,-0.999997146
0.01256,-0.951840879
0.013345,-0.810605462
0.01413,-0.590102105
0.014915,-0.311893512
0.0157,-0.003185302
0.016485,0.305834394
0.01727,0.584946986
0.018055,0.806858453
0.01884,0.949868395
0.019625,0.999992073
0.02041,0.952327967
0.021195,0.81153708
0.02198,0.591387151
0.022765,0.313406323
0.000785,0.30886552
0.00157,0.587527526
0.002355,0.808736061
0.00314,0.950859461
0.003925,0.999999683
0.00471,0.951351376
0.005495,0.809671788
0.00628,0.588815562
0.007065,0.31037991
0.00785,0.001592653
0.008635,-0.307350347
0.00942,-0.586237999
0.010205,-0.807798281
0.01099,-0.950365133
0.011775,-0.999997146
0.01256,-0.951840879
0.013345,-0.810605462
0.01413,-0.590102105
0.014915,-0.311893512
0.0157,-0.003185302
0.016485,0.305834394
0.01727,0.584946986
0.018055,0.806858453
0.01884,0.949868395
0.019625,0.999992073
0.02041,0.952327967
0.021195,0.81153708
0.02198,0.591387151
0.022765,0.313406323
0.000785,0.30886552
0.00157,0.587527526
0.002355,0.808736061
0.00314,0.950859461
0.003925,0.999999683
0.00471,0.951351376
0.005495,0.809671788
0.00628,0.588815562
0.007065,0.31037991
0.00785,0.001592653
0.008635,-0.307350347
0.00942,-0.586237999
0.010205,-0.807798281
0.01099,-0.950365133
0.011775,-0.999997146
0.01256,-0.951840879
0.013345,-0.810605462
0.01413,-0.590102105
0.014915,-0.311893512
0.0157,-0.003185302
0.016485,0.305834394
0.01727,0.584946986
0.018055,0.806858453
0.01884,0.949868395
0.019625,0.999992073
0.02041,0.952327967
0.021195,0.81153708
0.02198,0.591387151
0.022765,0.313406323
0.000785,0.30886552
0.00157,0.587527526
0.002355,0.808736061
0.00314,0.950859461
0.003925,0.999999683
0.00471,0.951351376
0.005495,0.809671788
0.00628,0.588815562
0.007065,0.31037991
0.00785,0.001592653
0.008635,-0.307350347
0.00942,-0.586237999
0.010205,-0.807798281
0.01099,-0.950365133
0.011775,-0.999997146
0.01256,-0.951840879
0.013345,-0.810605462
0.01413,-0.590102105
0.014915,-0.311893512
0.0157,-0.003185302
0.016485,0.305834394
0.01727,0.584946986
0.018055,0.806858453
0.01884,0.949868395
0.019625,0.999992073
0.02041,0.952327967
0.021195,0.81153708
0.02198,0.591387151
0.022765,0.313406323
0.000785,0.30886552
0.00157,0.587527526
0.002355,0.808736061
0.00314,0.950859461
0.003925,0.999999683
0.00471,0.951351376
0.005495,0.809671788
0.00628,0.588815562
0.007065,0.31037991
0.00785,0.001592653
0.008635,-0.307350347
0.00942,-0.586237999
0.010205,-0.807798281
0.01099,-0.950365133
0.011775,-0.999997146
0.01256,-0.951840879
0.013345,-0.810605462
0.01413,-0.590102105
0.014915,-0.311893512
0.0157,-0.003185302
0.016485,0.305834394
0.01727,0.584946986
0.018055,0.806858453
0.01884,0.949868395
0.019625,0.999992073
0.02041,0.952327967
0.021195,0.81153708
0.02198,0.591387151
0.022765,0.313406323
0.000785,0.30886552
0.00157,0.587527526
0.002355,0.808736061
0.00314,0.950859461
0.003925,0.999999683
0.00471,0.951351376
0.005495,0.809671788
0.00628,0.588815562
0.007065,0.31037991
0.00785,0.001592653
0.008635,-0.307350347
0.00942,-0.586237999
0.010205,-0.807798281
0.01099,-0.950365133
0.011775,-0.999997146
0.01256,-0.951840879
0.013345,-0.810605462
0.01413,-0.590102105
0.014915,-0.311893512
0.0157,-0.003185302
0.016485,0.305834394
0.01727,0.584946986
0.018055,0.806858453
0.01884,0.949868395
0.019625,0.999992073
0.02041,0.952327967
0.021195,0.81153708
0.02198,0.591387151
0.022765,0.313406323
0.000785,0.30886552
0.00157,0.587527526
0.002355,0.808736061
0.00314,0.950859461
0.003925,0.999999683
0.00471,0.951351376
0.005495,0.809671788
0.00628,0.588815562
0.007065,0.31037991
0.00785,0.001592653
0.008635,-0.307350347
0.00942,-0.586237999
0.010205,-0.807798281
0.01099,-0.950365133
0.011775,-0.999997146
0.01256,-0.951840879
0.013345,-0.810605462
0.01413,-0.590102105
0.014915,-0.311893512
0.0157,-0.003185302
0.016485,0.305834394
0.01727,0.584946986
0.018055,0.806858453
0.01884,0.949868395
0.019625,0.999992073
0.02041,0.952327967
0.021195,0.81153708
0.02198,0.591387151
0.022765,0.313406323
0.000785,0.30886552
0.00157,0.587527526
0.002355,0.808736061
0.00314,0.950859461
0.003925,0.999999683
0.00471,0.951351376
0.005495,0.809671788
0.00628,0.588815562
0.007065,0.31037991
0.00785,0.001592653
0.008635,-0.307350347
0.00942,-0.586237999
0.010205,-0.807798281
0.01099,-0.950365133
0.011775,-0.999997146
0.01256,-0.951840879
0.013345,-0.810605462
0.01413,-0.590102105
0.014915,-0.311893512
0.0157,-0.003185302
0.016485,0.305834394
0.01727,0.584946986
0.018055,0.806858453
0.01884,0.949868395
0.019625,0.999992073
0.02041,0.952327967
0.021195,0.81153708
0.02198,0.591387151
0.022765,0.313406323
0.000785,0.30886552
0.00157,0.587527526
0.002355,0.808736061
0.00314,0.950859461
0.003925,0.999999683
0.00471,0.951351376
0.005495,0.809671788
0.00628,0.588815562
0.007065,0.31037991
0.00785,0.001592653
0.008635,-0.307350347
0.00942,-0.586237999
0.010205,-0.807798281
0.01099,-0.950365133
0.011775,-0.999997146
0.01256,-0.951840879
0.013345,-0.810605462
0.01413,-0.590102105
0.014915,-0.311893512
0.0157,-0.003185302
0.016485,0.305834394
0.01727,0.584946986
0.018055,0.806858453
0.01884,0.949868395
0.019625,0.999992073
0.02041,0.952327967
0.021195,0.81153708
0.02198,0.591387151
0.022765,0.313406323
0.000785,0.30886552
0.00157,0.587527526
0.002355,0.808736061
0.00314,0.950859461
0.003925,0.999999683
0.00471,0.951351376
0.005495,0.809671788
0.00628,0.588815562
0.007065,0.31037991
0.00785,0.001592653
0.008635,-0.307350347
0.00942,-0.586237999
0.010205,-0.807798281
0.01099,-0.950365133
0.011775,-0.999997146
0.01256,-0.951840879
0.013345,-0.810605462
0.01413,-0.590102105
0.014915,-0.311893512
0.0157,-0.003185302
0.016485,0.305834394
0.01727,0.584946986
0.018055,0.806858453
0.01884,0.949868395
0.019625,0.999992073
0.02041,0.952327967
0.021195,0.81153708
0.02198,0.591387151
0.022765,0.313406323
0.000785,0.30886552
0.00157,0.587527526
0.002355,0.808736061
0.00314,0.950859461
0.003925,0.999999683
0.00471,0.951351376
0.005495,0.809671788
0.00628,0.588815562
0.007065,0.31037991
0.00785,0.001592653
0.008635,-0.307350347
0.00942,-0.586237999
0.010205,-0.807798281
0.01099,-0.950365133
0.011775,-0.999997146
0.01256,-0.951840879
0.013345,-0.810605462
0.01413,-0.590102105
0.014915,-0.311893512
0.0157,-0.003185302
0.016485,0.305834394
0.01727,0.584946986
0.018055,0.806858453
0.01884,0.949868395
0.019625,0.999992073
0.02041,0.952327967
0.021195,0.81153708
0.02198,0.591387151
0.022765,0.313406323
0.000785,0.30886552
0.00157,0.587527526
0.002355,0.808736061
0.00314,0.950859461
0.003925,0.999999683
0.00471,0.951351376
0.005495,0.809671788
0.00628,0.588815562
0.007065,0.31037991
0.00785,0.001592653
0.008635,-0.307350347
0.00942,-0.586237999
0.010205,-0.807798281
0.01099,-0.950365133
0.011775,-0.999997146
0.01256,-0.951840879
0.013345,-0.810605462
0.01413,-0.590102105
0.014915,-0.311893512
0.0157,-0.003185302
0.016485,0.305834394
0.01727,0.584946986
0.018055,0.806858453
0.01884,0.949868395
0.019625,0.999992073
0.02041,0.952327967
0.021195,0.81153708
0.02198,0.591387151
0.022765,0.313406323
0.000785,0.30886552
0.00157,0.587527526
0.002355,0.808736061
0.00314,0.950859461
0.003925,0.999999683
0.00471,0.951351376
0.005495,0.809671788
0.00628,0.588815562
0.007065,0.31037991
0.00785,0.001592653
0.008635,-0.307350347
0.00942,-0.586237999
0.010205,-0.807798281
0.01099,-0.950365133
0.011775,-0.999997146
0.01256,-0.951840879
0.013345,-0.810605462
0.01413,-0.590102105
0.014915,-0.311893512
0.0157,-0.003185302
0.016485,0.305834394
0.01727,0.584946986
0.018055,0.806858453
0.01884,0.949868395
0.019625,0.999992073
0.02041,0.952327967
0.021195,0.81153708
0.02198,0.591387151
0.022765,0.313406323
0.000785,0.30886552
0.00157,0.587527526
0.002355,0.808736061
0.00314,0.950859461
0.003925,0.999999683
0.00471,0.951351376
0.005495,0.809671788
0.00628,0.588815562
0.007065,0.31037991
0.00785,0.001592653
0.008635,-0.307350347
0.00942,-0.586237999
0.010205,-0.807798281
0.01099,-0.950365133
0.011775,-0.999997146
0.01256,-0.951840879
0.013345,-0.810605462
0.01413,-0.590102105
0.014915,-0.311893512
0.0157,-0.003185302
0.016485,0.305834394
0.01727,0.584946986
0.018055,0.806858453
0.01884,0.949868395
0.019625,0.999992073
0.02041,0.952327967
0.021195,0.81153708
0.02198,0.591387151
0.022765,0.313406323
0.000785,0.30886552
0.00157,0.587527526
0.002355,0.808736061
0.00314,0.950859461
0.003925,0.999999683
0.00471,0.951351376
0.005495,0.809671788
0.00628,0.588815562
0.007065,0.31037991
0.00785,0.001592653
0.008635,-0.307350347
0.00942,-0.586237999
0.010205,-0.807798281
0.01099,-0.950365133
0.011775,-0.999997146
0.01256,-0.951840879
0.013345,-0.810605462
0.01413,-0.590102105
0.014915,-0.311893512
0.0157,-0.003185302
0.016485,0.305834394
0.01727,0.584946986
0.018055,0.806858453
0.01884,0.949868395
0.019625,0.999992073
0.02041,0.952327967
0.021195,0.81153708
0.02198,0.591387151
0.022765,0.313406323
0.000785,0.30886552
0.00157,0.587527526
0.002355,0.808736061
0.00314,0.950859461
0.003925,0.999999683
0.00471,0.951351376
0.005495,0.809671788
0.00628,0.588815562
0.007065,0.31037991
0.00785,0.001592653
0.008635,-0.307350347
0.00942,-0.586237999
0.010205,-0.807798281
0.01099,-0.950365133
0.011775,-0.999997146
0.01256,-0.951840879
0.013345,-0.810605462
0.01413,-0.590102105
0.014915,-0.311893512
0.0157,-0.003185302
0.016485,0.305834394
0.01727,0.584946986
0.018055,0.806858453
0.01884,0.949868395
0.019625,0.999992073
0.02041,0.952327967
0.021195,0.81153708
0.02198,0.591387151
0.022765,0.313406323
0.000785,0.30886552
0.00157,0.587527526
0.002355,0.808736061
0.00314,0.950859461
0.003925,0.999999683
0.00471,0.951351376
0.005495,0.809671788
0.00628,0.588815562
0.007065,0.31037991
0.00785,0.001592653
0.008635,-0.307350347
0.00942,-0.586237999
0.010205,-0.807798281
0.01099,-0.950365133
0.011775,-0.999997146
0.01256,-0.951840879
0.013345,-0.810605462
0.01413,-0.590102105
0.014915,-0.311893512
0.0157,-0.003185302
0.016485,0.305834394
0.01727,0.584946986
0.018055,0.806858453
0.01884,0.949868395
0.019625,0.999992073
0.02041,0.952327967
0.021195,0.81153708
0.02198,0.591387151
0.022765,0.313406323
0.000785,0.30886552
0.00157,0.587527526
0.002355,0.808736061
0.00314,0.950859461
0.003925,0.999999683
0.00471,0.951351376
0.005495,0.809671788
0.00628,0.588815562
0.007065,0.31037991
0.00785,0.001592653
0.008635,-0.307350347
0.00942,-0.586237999
0.010205,-0.807798281
0.01099,-0.950365133
0.011775,-0.999997146
0.01256,-0.951840879
0.013345,-0.810605462
0.01413,-0.590102105
0.014915,-0.311893512
0.0157,-0.003185302
0.016485,0.305834394
0.01727,0.584946986
0.018055,0.806858453
0.01884,0.949868395
0.019625,0.999992073
0.02041,0.952327967
0.021195,0.81153708
0.02198,0.591387151
0.022765,0.313406323
0.000785,0.30886552
0.00157,0.587527526
0.002355,0.808736061
0.00314,0.950859461
0.003925,0.999999683
0.00471,0.951351376
0.005495,0.809671788
0.00628,0.588815562
0.007065,0.31037991
0.00785,0.001592653
0.008635,-0.307350347
0.00942,-0.586237999
0.010205,-0.807798281
0.01099,-0.950365133
0.011775,-0.999997146
0.01256,-0.951840879
0.013345,-0.810605462
0.01413,-0.590102105
0.014915,-0.311893512
0.0157,-0.003185302
0.016485,0.305834394
0.01727,0.584946986
0.018055,0.806858453
0.01884,0.949868395
0.019625,0.999992073
0.02041,0.952327967
0.021195,0.81153708
0.02198,0.591387151
0.022765,0.313406323
0.000785,0.30886552
0.00157,0.587527526
0.002355,0.808736061
0.00314,0.950859461
0.003925,0.999999683
0.00471,0.951351376
0.005495,0.809671788
0.00628,0.588815562
0.007065,0.31037991
0.00785,0.001592653
0.008635,-0.307350347
0.00942,-0.586237999
0.010205,-0.807798281
0.01099,-0.950365133
0.011775,-0.999997146
0.01256,-0.951840879
0.013345,-0.810605462
0.01413,-0.590102105
0.014915,-0.311893512
0.0157,-0.003185302
0.016485,0.305834394
0.01727,0.584946986
0.018055,0.806858453
0.01884,0.949868395
0.019625,0.999992073
0.02041,0.952327967
0.021195,0.81153708
0.02198,0.591387151
0.022765,0.313406323
0.000785,0.30886552
0.00157,0.587527526
0.002355,0.808736061
0.00314,0.950859461
0.003925,0.999999683
0.00471,0.951351376
0.005495,0.809671788
0.00628,0.588815562
0.007065,0.31037991
0.00785,0.001592653
0.008635,-0.307350347
0.00942,-0.586237999
0.010205,-0.807798281
0.01099,-0.950365133
0.011775,-0.999997146
0.01256,-0.951840879
0.013345,-0.810605462
0.01413,-0.590102105
0.014915,-0.311893512
0.0157,-0.003185302
0.016485,0.305834394
0.01727,0.584946986
0.018055,0.806858453
0.01884,0.949868395
0.019625,0.999992073
0.02041,0.952327967
0.021195,0.81153708
0.02198,0.591387151
0.022765,0.313406323
0.000785,0.30886552
0.00157,0.587527526
0.002355,0.808736061
0.00314,0.950859461
0.003925,0.999999683
0.00471,0.951351376
0.005495,0.809671788
0.00628,0.588815562
0.007065,0.31037991
0.00785,0.001592653
0.008635,-0.307350347
0.00942,-0.586237999
0.010205,-0.807798281
0.01099,-0.950365133
0.011775,-0.999997146
0.01256,-0.951840879
0.013345,-0.810605462
0.01413,-0.590102105
0.014915,-0.311893512
0.0157,-0.003185302
0.016485,0.305834394
0.01727,0.584946986
0.018055,0.806858453
0.01884,0.949868395
0.019625,0.999992073
0.02041,0.952327967
0.021195,0.81153708
0.02198,0.591387151
0.022765,0.313406323
0.000785,0.30886552
0.00157,0.587527526
0.002355,0.808736061
0.00314,0.950859461
0.003925,0.999999683
0.00471,0.951351376
0.005495,0.809671788
0.00628,0.588815562
0.007065,0.31037991
0.00785,0.001592653
0.008635,-0.307350347
0.00942,-0.586237999
0.010205,-0.807798281
0.01099,-0.950365133
0.011775,-0.999997146
0.01256,-0.951840879
0.013345,-0.810605462
0.01413,-0.590102105
0.014915,-0.311893512
0.0157,-0.003185302
0.016485,0.305834394
0.01727,0.584946986
0.018055,0.806858453
0.01884,0.949868395
0.019625,0.999992073
0.02041,0.952327967
0.021195,0.81153708
0.02198,0.591387151
0.022765,0.313406323
0.000785,0.30886552
0.00157,0.587527526
0.002355,0.808736061
0.00314,0.950859461
0.003925,0.999999683
0.00471,0.951351376
0.005495,0.809671788
0.00628,0.588815562
0.007065,0.31037991
0.00785,0.001592653
0.008635,-0.307350347
0.00942,-0.586237999
0.010205,-0.807798281
0.01099,-0.950365133
0.011775,-0.999997146
0.01256,-0.951840879
0.013345,-0.810605462
0.01413,-0.590102105
0.014915,-0.311893512
0.0157,-0.003185302
0.016485,0.305834394
0.01727,0.584946986
0.018055,0.806858453
0.01884,0.949868395
0.019625,0.999992073
0.02041,0.952327967
0.021195,0.81153708
0.02198,0.591387151
0.022765,0.313406323
0.000785,0.30886552
0.00157,0.587527526
0.002355,0.808736061
0.00314,0.950859461
0.003925,0.999999683
0.00471,0.951351376
0.005495,0.809671788
0.00628,0.588815562
0.007065,0.31037991
0.00785,0.001592653
0.008635,-0.307350347
0.00942,-0.586237999
0.010205,-0.807798281
0.01099,-0.950365133
0.011775,-0.999997146
0.01256,-0.951840879
0.013345,-0.810605462
0.01413,-0.590102105
0.014915,-0.311893512
0.0157,-0.003185302
0.016485,0.305834394
0.01727,0.584946986
0.018055,0.806858453
0.01884,0.949868395
0.019625,0.999992073
0.02041,0.952327967
0.021195,0.81153708
0.02198,0.591387151
0.022765,0.313406323
0.000785,0.30886552
0.00157,0.587527526
0.002355,0.808736061
0.00314,0.950859461
0.003925,0.999999683
0.00471,0.951351376
0.005495,0.809671788
0.00628,0.588815562
0.007065,0.31037991
0.00785,0.001592653
0.008635,-0.307350347
0.00942,-0.586237999
0.010205,-0.807798281
0.01099,-0.950365133
0.011775,-0.999997146
0.01256,-0.951840879
0.013345,-0.810605462
0.01413,-0.590102105
0.014915,-0.311893512
0.0157,-0.003185302
0.016485,0.305834394
0.01727,0.584946986
0.018055,0.806858453
0.01884,0.949868395
0.019625,0.999992073
0.02041,0.952327967
0.021195,0.81153708
0.02198,0.591387151
0.022765,0.313406323
0.000785,0.30886552
0.00157,0.587527526
0.002355,0.808736061
0.00314,0.950859461
0.003925,0.999999683
0.00471,0.951351376
0.005495,0.809671788
0.00628,0.588815562
0.007065,0.31037991
0.00785,0.001592653
0.008635,-0.307350347
0.00942,-0.586237999
0.010205,-0.807798281
0.01099,-0.950365133
0.011775,-0.999997146
0.01256,-0.951840879
0.013345,-0.810605462
0.01413,-0.590102105
0.014915,-0.311893512
0.0157,-0.003185302
0.016485,0.305834394
0.01727,0.584946986
0.018055,0.806858453
0.01884,0.949868395
0.019625,0.999992073
0.02041,0.952327967
0.021195,0.81153708
0.02198,0.591387151
0.022765,0.313406323
0.000785,0.30886552
0.00157,0.587527526
0.002355,0.808736061
0.00314,0.950859461
0.003925,0.999999683
0.00471,0.951351376
0.005495,0.809671788
0.00628,0.588815562
0.007065,0.31037991
0.00785,0.001592653
0.008635,-0.307350347
0.00942,-0.586237999
0.010205,-0.807798281
0.01099,-0.950365133
0.011775,-0.999997146
0.01256,-0.951840879
0.013345,-0.810605462
0.01413,-0.590102105
0.014915,-0.311893512
0.0157,-0.003185302
0.016485,0.305834394
0.01727,0.584946986
0.018055,0.806858453
0.01884,0.949868395
0.019625,0.999992073
0.02041,0.952327967
0.021195,0.81153708
0.02198,0.591387151
0.022765,0.313406323
0.000785,0.30886552
0.00157,0.587527526
0.002355,0.808736061
0.00314,0.950859461
0.003925,0.999999683
0.00471,0.951351376
0.005495,0.809671788
0.00628,0.588815562
0.007065,0.31037991
0.00785,0.001592653
0.008635,-0.307350347
0.00942,-0.586237999
0.010205,-0.807798281
0.01099,-0.950365133
0.011775,-0.999997146
0.01256,-0.951840879
0.013345,-0.810605462
0.01413,-0.590102105
0.014915,-0.311893512
0.0157,-0.003185302
0.016485,0.305834394
0.01727,0.584946986
0.018055,0.806858453
0.01884,0.949868395
0.019625,0.999992073
0.02041,0.952327967
0.021195,0.81153708
0.02198,0.591387151
0.022765,0.313406323
0.000785,0.30886552
0.00157,0.587527526
0.002355,0.808736061
0.00314,0.950859461
0.003925,0.999999683
0.00471,0.951351376
0.005495,0.809671788
0.00628,0.588815562
0.007065,0.31037991
0.00785,0.001592653
0.008635,-0.307350347
0.00942,-0.586237999
0.010205,-0.807798281
0.01099,-0.950365133
0.011775,-0.999997146
0.01256,-0.951840879
0.013345,-0.810605462
0.01413,-0.590102105
0.014915,-0.311893512
0.0157,-0.003185302
0.016485,0.305834394
0.01727,0.584946986
0.018055,0.806858453
0.01884,0.949868395
0.019625,0.999992073
0.02041,0.952327967
0.021195,0.81153708
0.02198,0.591387151
0.022765,0.313406323
0.000785,0.30886552
0.00157,0.587527526
0.002355,0.808736061
0.00314,0.950859461
0.003925,0.999999683
0.00471,0.951351376
0.005495,0.809671788
0.00628,0.588815562
0.007065,0.31037991
0.00785,0.001592653
0.008635,-0.307350347
0.00942,-0.586237999
0.010205,-0.807798281
0.01099,-0.950365133
0.011775,-0.999997146
0.01256,-0.951840879
0.013345,-0.810605462
0.01413,-0.590102105
0.014915,-0.311893512
0.0157,-0.003185302
0.016485,0.305834394
0.01727,0.584946986
0.018055,0.806858453
0.01884,0.949868395
0.019625,0.999992073
0.02041,0.952327967
0.021195,0.81153708
0.02198,0.591387151
0.022765,0.313406323
0.000785,0.30886552
0.00157,0.587527526
0.002355,0.808736061
0.00314,0.950859461
0.003925,0.999999683
0.00471,0.951351376
0.005495,0.809671788
0.00628,0.588815562
0.007065,0.31037991
0.00785,0.001592653
0.008635,-0.307350347
0.00942,-0.586237999
0.010205,-0.807798281
0.01099,-0.950365133
0.011775,-0.999997146
0.01256,-0.951840879
0.013345,-0.810605462
0.01413,-0.590102105
0.014915,-0.311893512
0.0157,-0.003185302
0.016485,0.305834394
0.01727,0.584946986
0.018055,0.806858453
0.01884,0.949868395
0.019625,0.999992073
0.02041,0.952327967
0.021195,0.81153708
0.02198,0.591387151
0.022765,0.313406323
0.000785,0.30886552
0.00157,0.587527526
0.002355,0.808736061
0.00314,0.950859461
0.003925,0.999999683
0.00471,0.951351376
0.005495,0.809671788
0.00628,0.588815562
0.007065,0.31037991
0.00785,0.001592653
0.008635,-0.307350347
0.00942,-0.586237999
0.010205,-0.807798281
0.01099,-0.950365133
0.011775,-0.999997146
0.01256,-0.951840879
0.013345,-0.810605462
0.01413,-0.590102105
0.014915,-0.311893512
0.0157,-0.003185302
0.016485,0.305834394
0.01727,0.584946986
0.018055,0.806858453
0.01884,0.949868395
0.019625,0.999992073
0.02041,0.952327967
0.021195,0.81153708
0.02198,0.591387151
0.022765,0.313406323
0.000785,0.30886552
0.00157,0.587527526
0.002355,0.808736061
0.00314,0.950859461
0.003925,0.999999683
0.00471,0.951351376
0.005495,0.809671788
0.00628,0.588815562
0.007065,0.31037991
0.00785,0.001592653
0.008635,-0.307350347
0.00942,-0.586237999
0.010205,-0.807798281
0.01099,-0.950365133
0.011775,-0.999997146
0.01256,-0.951840879
0.013345,-0.810605462
0.01413,-0.590102105
0.014915,-0.311893512
0.0157,-0.003185302
0.016485,0.305834394
0.01727,0.584946986
0.018055,0.806858453
0.01884,0.949868395
0.019625,0.999992073
0.02041,0.952327967
0.021195,0.81153708
0.02198,0.591387151
0.022765,0.313406323
0.000785,0.30886552
0.00157,0.587527526
0.002355,0.808736061
0.00314,0.950859461
0.003925,0.999999683
0.00471,0.951351376
0.005495,0.809671788
0.00628,0.588815562
0.007065,0.31037991
0.00785,0.001592653
0.008635,-0.307350347
0.00942,-0.586237999
0.010205,-0.807798281
0.01099,-0.950365133
0.011775,-0.999997146
0.01256,-0.951840879
0.013345,-0.810605462
0.01413,-0.590102105
0.014915,-0.311893512
0.0157,-0.003185302
0.016485,0.305834394
0.01727,0.584946986
0.018055,0.806858453
0.01884,0.949868395
0.019625,0.999992073
0.02041,0.952327967
0.021195,0.81153708
0.02198,0.591387151
0.022765,0.313406323
0.000785,0.30886552
0.00157,0.587527526
0.002355,0.808736061
0.00314,0.950859461
0.003925,0.999999683
0.00471,0.951351376
0.005495,0.809671788
0.00628,0.588815562
0.007065,0.31037991
0.00785,0.001592653
0.008635,-0.307350347
0.00942,-0.586237999
0.010205,-0.807798281
0.01099,-0.950365133
0.011775,-0.999997146
0.01256,-0.951840879
0.013345,-0.810605462
0.01413,-0.590102105
0.014915,-0.311893512
0.0157,-0.003185302
0.016485,0.305834394
0.01727,0.584946986
0.018055,0.806858453
0.01884,0.949868395
0.019625,0.999992073
0.02041,0.952327967
0.021195,0.81153708
0.02198,0.591387151
0.022765,0.313406323
0.000785,0.30886552
0.00157,0.587527526
0.002355,0.808736061
0.00314,0.950859461
0.003925,0.999999683
0.00471,0.951351376
0.005495,0.809671788
0.00628,0.588815562
0.007065,0.31037991
0.00785,0.001592653
0.008635,-0.307350347
0.00942,-0.586237999
0.010205,-0.807798281
0.01099,-0.950365133
0.011775,-0.999997146
0.01256,-0.951840879
0.013345,-0.810605462
0.01413,-0.590102105
0.014915,-0.311893512
0.0157,-0.003185302
0.016485,0.305834394
0.01727,0.584946986
0.018055,0.806858453
0.01884,0.949868395
0.019625,0.999992073
0.02041,0.952327967
0.021195,0.81153708
0.02198,0.591387151
0.022765,0.313406323
0.000785,0.30886552
0.00157,0.587527526
0.002355,0.808736061
0.00314,0.950859461
0.003925,0.999999683
0.00471,0.951351376
0.005495,0.809671788
0.00628,0.588815562
0.007065,0.31037991
0.00785,0.001592653
0.008635,-0.307350347
0.00942,-0.586237999
0.010205,-0.807798281
0.01099,-0.950365133
0.011775,-0.999997146
0.01256,-0.951840879
0.013345,-0.810605462
0.01413,-0.590102105
0.014915,-0.311893512
0.0157,-0.003185302
0.016485,0.305834394
0.01727,0.584946986
0.018055,0.806858453
0.01884,0.949868395
0.019625,0.999992073
0.02041,0.952327967
0.021195,0.81153708
0.02198,0.591387151
0.022765,0.313406323
0.000785,0.30886552
0.00157,0.587527526
0.002355,0.808736061
0.00314,0.950859461
0.003925,0.999999683
0.00471,0.951351376
0.005495,0.809671788
0.00628,0.588815562
0.007065,0.31037991
0.00785,0.001592653
0.008635,-0.307350347
0.00942,-0.586237999
0.010205,-0.807798281
0.01099,-0.950365133
0.011775,-0.999997146
0.01256,-0.951840879
0.013345,-0.810605462
0.01413,-0.590102105
0.014915,-0.311893512
0.0157,-0.003185302
0.016485,0.305834394
0.01727,0.584946986
0.018055,0.806858453
0.01884,0.949868395
0.019625,0.999992073
0.02041,0.952327967
0.021195,0.81153708
0.02198,0.591387151
0.022765,0.313406323
0.000785,0.30886552
0.00157,0.587527526
0.002355,0.808736061
0.00314,0.950859461
0.003925,0.999999683
0.00471,0.951351376
0.005495,0.809671788
0.00628,0.588815562
0.007065,0.31037991
0.00785,0.001592653
0.008635,-0.307350347
0.00942,-0.586237999
0.010205,-0.807798281
0.01099,-0.950365133
0.011775,-0.999997146
0.01256,-0.951840879
0.013345,-0.810605462
0.01413,-0.590102105
0.014915,-0.311893512
0.0157,-0.003185302
0.016485,0.305834394
0.01727,0.584946986
0.018055,0.806858453
0.01884,0.949868395
0.019625,0.999992073
0.02041,0.952327967
0.021195,0.81153708
0.02198,0.591387151
0.022765,0.313406323
0.000785,0.30886552
0.00157,0.587527526
0.002355,0.808736061
0.00314,0.950859461
0.003925,0.999999683
0.00471,0.951351376
0.005495,0.809671788
0.00628,0.588815562
0.007065,0.31037991
0.00785,0.001592653
0.008635,-0.307350347
0.00942,-0.586237999
0.010205,-0.807798281
0.01099,-0.950365133
0.011775,-0.999997146
0.01256,-0.951840879
0.013345,-0.810605462
0.01413,-0.590102105
0.014915,-0.311893512
0.0157,-0.003185302
0.016485,0.305834394
0.01727,0.584946986
0.018055,0.806858453
0.01884,0.949868395
0.019625,0.999992073
0.02041,0.952327967
0.021195,0.81153708
0.02198,0.591387151
0.022765,0.313406323
0.000785,0.30886552
0.00157,0.587527526
0.002355,0.808736061
0.00314,0.950859461
0.003925,0.999999683
0.00471,0.951351376
0.005495,0.809671788
0.00628,0.588815562
0.007065,0.31037991
0.00785,0.001592653
0.008635,-0.307350347
0.00942,-0.586237999
0.010205,-0.807798281
0.01099,-0.950365133
0.011775,-0.999997146
0.01256,-0.951840879
0.013345,-0.810605462
0.01413,-0.590102105
0.014915,-0.311893512
0.0157,-0.003185302
0.016485,0.305834394
0.01727,0.584946986
0.018055,0.806858453
0.01884,0.949868395
0.019625,0.999992073
0.02041,0.952327967
0.021195,0.81153708
0.02198,0.591387151
0.022765,0.313406323
0.000785,0.30886552
0.00157,0.587527526
0.002355,0.808736061
0.00314,0.950859461
0.003925,0.999999683
0.00471,0.951351376
0.005495,0.809671788
0.00628,0.588815562
0.007065,0.31037991
0.00785,0.001592653
0.008635,-0.307350347
0.00942,-0.586237999
0.010205,-0.807798281
0.01099,-0.950365133
0.011775,-0.999997146
0.01256,-0.951840879
0.013345,-0.810605462
0.01413,-0.590102105
0.014915,-0.311893512
0.0157,-0.003185302
0.016485,0.305834394
0.01727,0.584946986
0.018055,0.806858453
0.01884,0.949868395
0.019625,0.999992073
0.02041,0.952327967
0.021195,0.81153708
0.02198,0.591387151
0.022765,0.313406323
0.000785,0.30886552
0.00157,0.587527526
0.002355,0.808736061
0.00314,0.950859461
0.003925,0.999999683
0.00471,0.951351376
0.005495,0.809671788
0.00628,0.588815562
0.007065,0.31037991
0.00785,0.001592653
0.008635,-0.307350347
0.00942,-0.586237999
0.010205,-0.807798281
0.01099,-0.950365133
0.011775,-0.999997146
0.01256,-0.951840879
0.013345,-0.810605462
0.01413,-0.590102105
0.014915,-0.311893512
0.0157,-0.003185302
0.016485,0.305834394
0.01727,0.584946986
0.018055,0.806858453
0.01884,0.949868395
0.019625,0.999992073
0.02041,0.952327967
0.021195,0.81153708
0.02198,0.591387151
0.022765,0.313406323
0.000785,0.30886552
0.00157,0.587527526
0.002355,0.808736061
0.00314,0.950859461
0.003925,0.999999683
0.00471,0.951351376
0.005495,0.809671788
0.00628,0.588815562
0.007065,0.31037991
0.00785,0.001592653
0.008635,-0.307350347
0.00942,-0.586237999
0.010205,-0.807798281
0.01099,-0.950365133
0.011775,-0.999997146
0.01256,-0.951840879
0.013345,-0.810605462
0.01413,-0.590102105
0.014915,-0.311893512
0.0157,-0.003185302
0.016485,0.305834394
0.01727,0.584946986
0.018055,0.806858453
0.01884,0.949868395
0.019625,0.999992073
0.02041,0.952327967
0.021195,0.81153708
0.02198,0.591387151
0.022765,0.313406323
0.000785,0.30886552
0.00157,0.587527526
0.002355,0.808736061
0.00314,0.950859461
0.003925,0.999999683
0.00471,0.951351376
0.005495,0.809671788
0.00628,0.588815562
0.007065,0.31037991
0.00785,0.001592653
0.008635,-0.307350347
0.00942,-0.586237999
0.010205,-0.807798281
0.01099,-0.950365133
0.011775,-0.999997146
0.01256,-0.951840879
0.013345,-0.810605462
0.01413,-0.590102105
0.014915,-0.311893512
0.0157,-0.003185302
0.016485,0.305834394
0.01727,0.584946986
0.018055,0.806858453
0.01884,0.949868395
0.019625,0.999992073
0.02041,0.952327967
0.021195,0.81153708
0.02198,0.591387151
0.022765,0.313406323
0.000785,0.30886552
0.00157,0.587527526
0.002355,0.808736061
0.00314,0.950859461
0.003925,0.999999683
0.00471,0.951351376
0.005495,0.809671788
0.00628,0.588815562
0.007065,0.31037991
0.00785,0.001592653
0.008635,-0.307350347
0.00942,-0.586237999
0.010205,-0.807798281
0.01099,-0.950365133
0.011775,-0.999997146
0.01256,-0.951840879
0.013345,-0.810605462
0.01413,-0.590102105
0.014915,-0.311893512
0.0157,-0.003185302
0.016485,0.305834394
0.01727,0.584946986
0.018055,0.806858453
0.01884,0.949868395
0.019625,0.999992073
0.02041,0.952327967
0.021195,0.81153708
0.02198,0.591387151
0.022765,0.313406323
0.000785,0.30886552
0.00157,0.587527526
0.002355,0.808736061
0.00314,0.950859461
0.003925,0.999999683
0.00471,0.951351376
0.005495,0.809671788
0.00628,0.588815562
0.007065,0.31037991
0.00785,0.001592653
0.008635,-0.307350347
0.00942,-0.586237999
0.010205,-0.807798281
0.01099,-0.950365133
0.011775,-0.999997146
0.01256,-0.951840879
0.013345,-0.810605462
0.01413,-0.590102105
0.014915,-0.311893512
0.0157,-0.003185302
0.016485,0.305834394
0.01727,0.584946986
0.018055,0.806858453
0.01884,0.949868395
0.019625,0.999992073
0.02041,0.952327967
0.021195,0.81153708
0.02198,0.591387151
0.022765,0.313406323
0.000785,0.30886552
0.00157,0.587527526
0.002355,0.808736061
0.00314,0.950859461
0.003925,0.999999683
0.00471,0.951351376
0.005495,0.809671788
0.00628,0.588815562
0.007065,0.31037991
0.00785,0.001592653
0.008635,-0.307350347
0.00942,-0.586237999
0.010205,-0.807798281
0.01099,-0.950365133
0.011775,-0.999997146
0.01256,-0.951840879
0.013345,-0.810605462
0.01413,-0.590102105
0.014915,-0.311893512
0.0157,-0.003185302
0.016485,0.305834394
0.01727,0.584946986
0.018055,0.806858453
0.01884,0.949868395
0.019625,0.999992073
0.02041,0.952327967
0.021195,0.81153708
0.02198,0.591387151
0.022765,0.313406323
0.000785,0.30886552
0.00157,0.587527526
0.002355,0.808736061
0.00314,0.950859461
0.003925,0.999999683
0.00471,0.951351376
0.005495,0.809671788
0.00628,0.588815562
0.007065,0.31037991
0.00785,0.001592653
0.008635,-0.307350347
0.00942,-0.586237999
0.010205,-0.807798281
0.01099,-0.950365133
0.011775,-0.999997146
0.01256,-0.951840879
0.013345,-0.810605462
0.01413,-0.590102105
0.014915,-0.311893512
0.0157,-0.003185302
0.016485,0.305834394
0.01727,0.584946986
0.018055,0.806858453
0.01884,0.949868395
0.019625,0.999992073
0.02041,0.952327967
0.021195,0.81153708
0.02198,0.591387151
0.022765,0.313406323
0.000785,0.30886552
0.00157,0.587527526
0.002355,0.808736061
0.00314,0.950859461
0.003925,0.999999683
0.00471,0.951351376
0.005495,0.809671788
0.00628,0.588815562
0.007065,0.31037991
0.00785,0.001592653
0.008635,-0.307350347
0.00942,-0.586237999
0.010205,-0.807798281
0.01099,-0.950365133
0.011775,-0.999997146
0.01256,-0.951840879
0.013345,-0.810605462
0.01413,-0.590102105
0.014915,-0.311893512
0.0157,-0.003185302
0.016485,0.305834394
0.01727,0.584946986
0.018055,0.806858453
0.01884,0.949868395
0.019625,0.999992073
0.02041,0.952327967
0.021195,0.81153708
0.02198,0.591387151
0.022765,0.313406323
0.000785,0.30886552
0.00157,0.587527526
0.002355,0.808736061
0.00314,0.950859461
0.003925,0.999999683
0.00471,0.951351376
0.005495,0.809671788
0.00628,0.588815562
0.007065,0.31037991
0.00785,0.001592653
0.008635,-0.307350347
0.00942,-0.586237999
0.010205,-0.807798281
0.01099,-0.950365133
0.011775,-0.999997146
0.01256,-0.951840879
0.013345,-0.810605462
0.01413,-0.590102105
0.014915,-0.311893512
0.0157,-0.003185302
0.016485,0.305834394
0.01727,0.584946986
0.018055,0.806858453
0.01884,0.949868395
0.019625,0.999992073
0.02041,0.952327967
0.021195,0.81153708
0.02198,0.591387151
0.022765,0.313406323
0.000785,0.30886552
0.00157,0.587527526
0.002355,0.808736061
0.00314,0.950859461
0.003925,0.999999683
0.00471,0.951351376
0.005495,0.809671788
0.00628,0.588815562
0.007065,0.31037991
0.00785,0.001592653
0.008635,-0.307350347
0.00942,-0.586237999
0.010205,-0.807798281
0.01099,-0.950365133
0.011775,-0.999997146
0.01256,-0.951840879
0.013345,-0.810605462
0.01413,-0.590102105
0.014915,-0.311893512
0.0157,-0.003185302
0.016485,0.305834394
0.01727,0.584946986
0.018055,0.806858453
0.01884,0.949868395
0.019625,0.999992073
0.02041,0.952327967
0.021195,0.81153708
0.02198,0.591387151
0.022765,0.313406323
0.000785,0.30886552
0.00157,0.587527526
0.002355,0.808736061
0.00314,0.950859461
0.003925,0.999999683
0.00471,0.951351376
0.005495,0.809671788
0.00628,0.588815562
0.007065,0.31037991
0.00785,0.001592653
0.008635,-0.307350347
0.00942,-0.586237999
0.010205,-0.807798281
0.01099,-0.950365133
0.011775,-0.999997146
0.01256,-0.951840879
0.013345,-0.810605462
0.01413,-0.590102105
0.014915,-0.311893512
0.0157,-0.003185302
0.016485,0.305834394
0.01727,0.584946986
0.018055,0.806858453
0.01884,0.949868395
0.019625,0.999992073
0.02041,0.952327967
0.021195,0.81153708
0.02198,0.591387151
0.022765,0.313406323
0.000785,0.30886552
0.00157,0.587527526
0.002355,0.808736061
0.00314,0.950859461
0.003925,0.999999683
0.00471,0.951351376
0.005495,0.809671788
0.00628,0.588815562
0.007065,0.31037991
0.00785,0.001592653
0.008635,-0.307350347
0.00942,-0.586237999
0.010205,-0.807798281
0.01099,-0.950365133
0.011775,-0.999997146
0.01256,-0.951840879
0.013345,-0.810605462
0.01413,-0.590102105
0.014915,-0.311893512
0.0157,-0.003185302
0.016485,0.305834394
0.01727,0.584946986
0.018055,0.806858453
0.01884,0.949868395
0.019625,0.999992073
0.02041,0.952327967
0.021195,0.81153708
0.02198,0.591387151
0.022765,0.313406323
0.000785,0.30886552
0.00157,0.587527526
0.002355,0.808736061
0.00314,0.950859461
0.003925,0.999999683
0.00471,0.951351376
0.005495,0.809671788
0.00628,0.588815562
0.007065,0.31037991
0.00785,0.001592653
0.008635,-0.307350347
0.00942,-0.586237999
0.010205,-0.807798281
0.01099,-0.950365133
0.011775,-0.999997146
0.01256,-0.951840879
0.013345,-0.810605462
0.01413,-0.590102105
0.014915,-0.311893512
0.0157,-0.003185302
0.016485,0.305834394
0.01727,0.584946986
0.018055,0.806858453
0.01884,0.949868395
0.019625,0.999992073
0.02041,0.952327967
0.021195,0.81153708
0.02198,0.591387151
0.022765,0.313406323
0.000785,0.30886552
0.00157,0.587527526
0.002355,0.808736061
0.00314,0.950859461
0.003925,0.999999683
0.00471,0.951351376
0.005495,0.809671788
0.00628,0.588815562
0.007065,0.31037991
0.00785,0.001592653
0.008635,-0.307350347
0.00942,-0.586237999
0.010205,-0.807798281
0.01099,-0.950365133
0.011775,-0.999997146
0.01256,-0.951840879
0.013345,-0.810605462
0.01413,-0.590102105
0.014915,-0.311893512
0.0157,-0.003185302
0.016485,0.305834394
0.01727,0.584946986
0.018055,0.806858453
0.01884,0.949868395
0.019625,0.999992073
0.02041,0.952327967
0.021195,0.81153708
0.02198,0.591387151
0.022765,0.313406323
0.000785,0.30886552
0.00157,0.587527526
0.002355,0.808736061
0.00314,0.950859461
0.003925,0.999999683
0.00471,0.951351376
0.005495,0.809671788
0.00628,0.588815562
0.007065,0.31037991
0.00785,0.001592653
0.008635,-0.307350347
0.00942,-0.586237999
0.010205,-0.807798281
0.01099,-0.950365133
0.011775,-0.999997146
0.01256,-0.951840879
0.013345,-0.810605462
0.01413,-0.590102105
0.014915,-0.311893512
0.0157,-0.003185302
0.016485,0.305834394
0.01727,0.584946986
0.018055,0.806858453
0.01884,0.949868395
0.019625,0.999992073
0.02041,0.952327967
0.021195,0.81153708
0.02198,0.591387151
0.022765,0.313406323
0.000785,0.30886552
0.00157,0.587527526
0.002355,0.808736061
0.00314,0.950859461
0.003925,0.999999683
0.00471,0.951351376
0.005495,0.809671788
0.00628,0.588815562
0.007065,0.31037991
0.00785,0.001592653
0.008635,-0.307350347
0.00942,-0.586237999
0.010205,-0.807798281
0.01099,-0.950365133
0.011775,-0.999997146
0.01256,-0.951840879
0.013345,-0.810605462
0.01413,-0.590102105
0.014915,-0.311893512
0.0157,-0.003185302
0.016485,0.305834394
0.01727,0.584946986
0.018055,0.806858453
0.01884,0.949868395
0.019625,0.999992073
0.02041,0.952327967
0.021195,0.81153708
0.02198,0.591387151
0.022765,0.313406323
0.000785,0.30886552
0.00157,0.587527526
0.002355,0.808736061
0.00314,0.950859461
0.003925,0.999999683
0.00471,0.951351376
0.005495,0.809671788
0.00628,0.588815562
0.007065,0.31037991
0.00785,0.001592653
0.008635,-0.307350347
0.00942,-0.586237999
0.010205,-0.807798281
0.01099,-0.950365133
0.011775,-0.999997146
0.01256,-0.951840879
0.013345,-0.810605462
0.01413,-0.590102105
0.014915,-0.311893512
0.0157,-0.003185302
0.016485,0.305834394
0.01727,0.584946986
0.018055,0.806858453
0.01884,0.949868395
0.019625,0.999992073
0.02041,0.952327967
0.021195,0.81153708
0.02198,0.591387151
0.022765,0.313406323
0.000785,0.30886552
0.00157,0.587527526
0.002355,0.808736061
0.00314,0.950859461
0.003925,0.999999683
0.00471,0.951351376
0.005495,0.809671788
0.00628,0.588815562
0.007065,0.31037991
0.00785,0.001592653
0.008635,-0.307350347
0.00942,-0.586237999
0.010205,-0.807798281
0.01099,-0.950365133
0.011775,-0.999997146
0.01256,-0.951840879
0.013345,-0.810605462
0.01413,-0.590102105
0.014915,-0.311893512
0.0157,-0.003185302
0.016485,0.305834394
0.01727,0.584946986
0.018055,0.806858453
0.01884,0.949868395
0.019625,0.999992073
0.02041,0.952327967
0.021195,0.81153708
0.02198,0.591387151
0.022765,0.313406323
0.000785,0.30886552
0.00157,0.587527526
0.002355,0.808736061
0.00314,0.950859461
0.003925,0.999999683
0.00471,0.951351376
0.005495,0.809671788
0.00628,0.588815562
0.007065,0.31037991
0.00785,0.001592653
0.008635,-0.307350347
0.00942,-0.586237999
0.010205,-0.807798281
0.01099,-0.950365133
0.011775,-0.999997146
0.01256,-0.951840879
0.013345,-0.810605462
0.01413,-0.590102105
0.014915,-0.311893512
0.0157,-0.003185302
0.016485,0.305834394
0.01727,0.584946986
0.018055,0.806858453
0.01884,0.949868395
0.019625,0.999992073
0.02041,0.952327967
0.021195,0.81153708
0.02198,0.591387151
0.022765,0.313406323
0.000785,0.30886552
0.00157,0.587527526
0.002355,0.808736061
0.00314,0.950859461
0.003925,0.999999683
0.00471,0.951351376
0.005495,0.809671788
0.00628,0.588815562
0.007065,0.31037991
0.00785,0.001592653
0.008635,-0.307350347
0.00942,-0.586237999
0.010205,-0.807798281
0.01099,-0.950365133
0.011775,-0.999997146
0.01256,-0.951840879
0.013345,-0.810605462
0.01413,-0.590102105
0.014915,-0.311893512
0.0157,-0.003185302
0.016485,0.305834394
0.01727,0.584946986
0.018055,0.806858453
0.01884,0.949868395
0.019625,0.999992073
0.02041,0.952327967
0.021195,0.81153708
0.02198,0.591387151
0.022765,0.313406323
0.000785,0.30886552
0.00157,0.587527526
0.002355,0.808736061
0.00314,0.950859461
0.003925,0.999999683
0.00471,0.951351376
0.005495,0.809671788
0.00628,0.588815562
0.007065,0.31037991
0.00785,0.001592653
0.008635,-0.307350347
0.00942,-0.586237999
0.010205,-0.807798281
0.01099,-0.950365133
0.011775,-0.999997146
0.01256,-0.951840879
0.013345,-0.810605462
0.01413,-0.590102105
0.014915,-0.311893512
0.0157,-0.003185302
0.016485,0.305834394
0.01727,0.584946986
0.018055,0.806858453
0.01884,0.949868395
0.019625,0.999992073
0.02041,0.952327967
0.021195,0.81153708
0.02198,0.591387151
0.022765,0.313406323
0.000785,0.30886552
0.00157,0.587527526
0.002355,0.808736061
0.00314,0.950859461
0.003925,0.999999683
0.00471,0.951351376
0.005495,0.809671788
0.00628,0.588815562
0.007065,0.31037991
0.00785,0.001592653
0.008635,-0.307350347
0.00942,-0.586237999
0.010205,-0.807798281
0.01099,-0.950365133
0.011775,-0.999997146
0.01256,-0.951840879
0.013345,-0.810605462
0.01413,-0.590102105
0.014915,-0.311893512
0.0157,-0.003185302
0.016485,0.305834394
0.01727,0.584946986
0.018055,0.806858453
0.01884,0.949868395
0.019625,0.999992073
0.02041,0.952327967
0.021195,0.81153708
0.02198,0.591387151
0.022765,0.313406323
0.000785,0.30886552
0.00157,0.587527526
0.002355,0.808736061
0.00314,0.950859461
0.003925,0.999999683
0.00471,0.951351376
0.005495,0.809671788
0.00628,0.588815562
0.007065,0.31037991
0.00785,0.001592653
0.008635,-0.307350347
0.00942,-0.586237999
0.010205,-0.807798281
0.01099,-0.950365133
0.011775,-0.999997146
0.01256,-0.951840879
0.013345,-0.810605462
0.01413,-0.590102105
0.014915,-0.311893512
0.0157,-0.003185302
0.016485,0.305834394
0.01727,0.584946986
0.018055,0.806858453
0.01884,0.949868395
0.019625,0.999992073
0.02041,0.952327967
0.021195,0.81153708
0.02198,0.591387151
0.022765,0.313406323
0.000785,0.30886552
0.00157,0.587527526
0.002355,0.808736061
0.00314,0.950859461
0.003925,0.999999683
0.00471,0.951351376
0.005495,0.809671788
0.00628,0.588815562
0.007065,0.31037991
0.00785,0.001592653
0.008635,-0.307350347
0.00942,-0.586237999
0.010205,-0.807798281
0.01099,-0.950365133
0.011775,-0.999997146
0.01256,-0.951840879
0.013345,-0.810605462
0.01413,-0.590102105
0.014915,-0.311893512
0.0157,-0.003185302
0.016485,0.305834394
0.01727,0.584946986
0.018055,0.806858453
0.01884,0.949868395
0.019625,0.999992073
0.02041,0.952327967
0.021195,0.81153708
0.02198,0.591387151
0.022765,0.313406323
0.000785,0.30886552
0.00157,0.587527526
0.002355,0.808736061
0.00314,0.950859461
0.003925,0.999999683
0.00471,0.951351376
0.005495,0.809671788
0.00628,0.588815562
0.007065,0.31037991
0.00785,0.001592653
0.008635,-0.307350347
0.00942,-0.586237999
0.010205,-0.807798281
0.01099,-0.950365133
0.011775,-0.999997146
0.01256,-0.951840879
0.013345,-0.810605462
0.01413,-0.590102105
0.014915,-0.311893512
0.0157,-0.003185302
0.016485,0.305834394
0.01727,0.584946986
0.018055,0.806858453
0.01884,0.949868395
0.019625,0.999992073
0.02041,0.952327967
0.021195,0.81153708
0.02198,0.591387151
0.022765,0.313406323
0.000785,0.30886552
0.00157,0.587527526
0.002355,0.808736061
0.00314,0.950859461
0.003925,0.999999683
0.00471,0.951351376
0.005495,0.809671788
0.00628,0.588815562
0.007065,0.31037991
0.00785,0.001592653
0.008635,-0.307350347
0.00942,-0.586237999
0.010205,-0.807798281
0.01099,-0.950365133
0.011775,-0.999997146
0.01256,-0.951840879
0.013345,-0.810605462
0.01413,-0.590102105
0.014915,-0.311893512
0.0157,-0.003185302
0.016485,0.305834394
0.01727,0.584946986
0.018055,0.806858453
0.01884,0.949868395
0.019625,0.999992073
0.02041,0.952327967
0.021195,0.81153708
0.02198,0.591387151
0.022765,0.313406323
0.000785,0.30886552
0.00157,0.587527526
0.002355,0.808736061
0.00314,0.950859461
0.003925,0.999999683
0.00471,0.951351376
0.005495,0.809671788
0.00628,0.588815562
0.007065,0.31037991
0.00785,0.001592653
0.008635,-0.307350347
0.00942,-0.586237999
0.010205,-0.807798281
0.01099,-0.950365133
0.011775,-0.999997146
0.01256,-0.951840879
0.013345,-0.810605462
0.01413,-0.590102105
0.014915,-0.311893512
0.0157,-0.003185302
0.016485,0.305834394
0.01727,0.584946986
0.018055,0.806858453
0.01884,0.949868395
0.019625,0.999992073
0.02041,0.952327967
0.021195,0.81153708
0.02198,0.591387151
0.022765,0.313406323
0.000785,0.30886552
0.00157,0.587527526
0.002355,0.808736061
0.00314,0.950859461
0.003925,0.999999683
0.00471,0.951351376
0.005495,0.809671788
0.00628,0.588815562
0.007065,0.31037991
0.00785,0.001592653
0.008635,-0.307350347
0.00942,-0.586237999
0.010205,-0.807798281
0.01099,-0.950365133
0.011775,-0.999997146
0.01256,-0.951840879
0.013345,-0.810605462
0.01413,-0.590102105
0.014915,-0.311893512
0.0157,-0.003185302
0.016485,0.305834394
0.01727,0.584946986
0.018055,0.806858453
0.01884,0.949868395
0.019625,0.999992073
0.02041,0.952327967
0.021195,0.81153708
0.02198,0.591387151
0.022765,0.313406323
0.000785,0.30886552
0.00157,0.587527526
0.002355,0.808736061
0.00314,0.950859461
0.003925,0.999999683
0.00471,0.951351376
0.005495,0.809671788
0.00628,0.588815562
0.007065,0.31037991
0.00785,0.001592653
0.008635,-0.307350347
0.00942,-0.586237999
0.010205,-0.807798281
0.01099,-0.950365133
0.011775,-0.999997146
0.01256,-0.951840879
0.013345,-0.810605462
0.01413,-0.590102105
0.014915,-0.311893512
0.0157,-0.003185302
0.016485,0.305834394
0.01727,0.584946986
0.018055,0.806858453
0.01884,0.949868395
0.019625,0.999992073
0.02041,0.952327967
0.021195,0.81153708
0.02198,0.591387151
0.022765,0.313406323
0.000785,0.30886552
0.00157,0.587527526
0.002355,0.808736061
0.00314,0.950859461
0.003925,0.999999683
0.00471,0.951351376
0.005495,0.809671788
0.00628,0.588815562
0.007065,0.31037991
0.00785,0.001592653
0.008635,-0.307350347
0.00942,-0.586237999
0.010205,-0.807798281
0.01099,-0.950365133
0.011775,-0.999997146
0.01256,-0.951840879
0.013345,-0.810605462
0.01413,-0.590102105
0.014915,-0.311893512
0.0157,-0.003185302
0.016485,0.305834394
0.01727,0.584946986
0.018055,0.806858453
0.01884,0.949868395
0.019625,0.999992073
0.02041,0.952327967
0.021195,0.81153708
0.02198,0.591387151
0.022765,0.313406323
0.000785,0.30886552
0.00157,0.587527526
0.002355,0.808736061
0.00314,0.950859461
0.003925,0.999999683
0.00471,0.951351376
0.005495,0.809671788
0.00628,0.588815562
0.007065,0.31037991
0.00785,0.001592653
0.008635,-0.307350347
0.00942,-0.586237999
0.010205,-0.807798281
0.01099,-0.950365133
0.011775,-0.999997146
0.01256,-0.951840879
0.013345,-0.810605462
0.01413,-0.590102105
0.014915,-0.311893512
0.0157,-0.003185302
0.016485,0.305834394
0.01727,0.584946986
0.018055,0.806858453
0.01884,0.949868395
0.019625,0.999992073
0.02041,0.952327967
0.021195,0.81153708
0.02198,0.591387151
0.022765,0.313406323
0.000785,0.30886552
0.00157,0.587527526
0.002355,0.808736061
0.00314,0.950859461
0.003925,0.999999683
0.00471,0.951351376
0.005495,0.809671788
0.00628,0.588815562
0.007065,0.31037991
0.00785,0.001592653
0.008635,-0.307350347
0.00942,-0.586237999
0.010205,-0.807798281
0.01099,-0.950365133
0.011775,-0.999997146
0.01256,-0.951840879
0.013345,-0.810605462
0.01413,-0.590102105
0.014915,-0.311893512
0.0157,-0.003185302
0.016485,0.305834394
0.01727,0.584946986
0.018055,0.806858453
0.01884,0.949868395
0.019625,0.999992073
0.02041,0.952327967
0.021195,0.81153708
0.02198,0.591387151
0.022765,0.313406323
0.000785,0.30886552
0.00157,0.587527526
0.002355,0.808736061
0.00314,0.950859461
0.003925,0.999999683
0.00471,0.951351376
0.005495,0.809671788
0.00628,0.588815562
0.007065,0.31037991
0.00785,0.001592653
0.008635,-0.307350347
0.00942,-0.586237999
0.010205,-0.807798281
0.01099,-0.950365133
0.011775,-0.999997146
0.01256,-0.951840879
0.013345,-0.810605462
0.01413,-0.590102105
0.014915,-0.311893512
0.0157,-0.003185302
0.016485,0.305834394
0.01727,0.584946986
0.018055,0.806858453
0.01884,0.949868395
0.019625,0.999992073
0.02041,0.952327967
0.021195,0.81153708
0.02198,0.591387151
0.022765,0.313406323
0.000785,0.30886552
0.00157,0.587527526
0.002355,0.808736061
0.00314,0.950859461
0.003925,0.999999683
0.00471,0.951351376
0.005495,0.809671788
0.00628,0.588815562
0.007065,0.31037991
0.00785,0.001592653
0.008635,-0.307350347
0.00942,-0.586237999
0.010205,-0.807798281
0.01099,-0.950365133
0.011775,-0.999997146
0.01256,-0.951840879
0.013345,-0.810605462
0.01413,-0.590102105
0.014915,-0.311893512
0.0157,-0.003185302
0.016485,0.305834394
0.01727,0.584946986
0.018055,0.806858453
0.01884,0.949868395
0.019625,0.999992073
0.02041,0.952327967
0.021195,0.81153708
0.02198,0.591387151
0.022765,0.313406323
0.000785,0.30886552
0.00157,0.587527526
0.002355,0.808736061
0.00314,0.950859461
0.003925,0.999999683
0.00471,0.951351376
0.005495,0.809671788
0.00628,0.588815562
0.007065,0.31037991
0.00785,0.001592653
0.008635,-0.307350347
0.00942,-0.586237999
0.010205,-0.807798281
0.01099,-0.950365133
0.011775,-0.999997146
0.01256,-0.951840879
0.013345,-0.810605462
0.01413,-0.590102105
0.014915,-0.311893512
0.0157,-0.003185302
0.016485,0.305834394
0.01727,0.584946986
0.018055,0.806858453
0.01884,0.949868395
0.019625,0.999992073
0.02041,0.952327967
0.021195,0.81153708
0.02198,0.591387151
0.022765,0.313406323
0.000785,0.30886552
0.00157,0.587527526
0.002355,0.808736061
0.00314,0.950859461
0.003925,0.999999683
0.00471,0.951351376
0.005495,0.809671788
0.00628,0.588815562
0.007065,0.31037991
0.00785,0.001592653
0.008635,-0.307350347
0.00942,-0.586237999
0.010205,-0.807798281
0.01099,-0.950365133
0.011775,-0.999997146
0.01256,-0.951840879
0.013345,-0.810605462
0.01413,-0.590102105
0.014915,-0.311893512
0.0157,-0.003185302
0.016485,0.305834394
0.01727,0.584946986
0.018055,0.806858453
0.01884,0.949868395
0.019625,0.999992073
0.02041,0.952327967
0.021195,0.81153708
0.02198,0.591387151
0.022765,0.313406323
0.000785,0.30886552
0.00157,0.587527526
0.002355,0.808736061
0.00314,0.950859461
0.003925,0.999999683
0.00471,0.951351376
0.005495,0.809671788
0.00628,0.588815562
0.007065,0.31037991
0.00785,0.001592653
0.008635,-0.307350347
0.00942,-0.586237999
0.010205,-0.807798281
0.01099,-0.950365133
0.011775,-0.999997146
0.01256,-0.951840879
0.013345,-0.810605462
0.01413,-0.590102105
0.014915,-0.311893512
0.0157,-0.003185302
0.016485,0.305834394
0.01727,0.584946986
0.018055,0.806858453
0.01884,0.949868395
0.019625,0.999992073
0.02041,0.952327967
0.021195,0.81153708
0.02198,0.591387151
0.022765,0.313406323
0.000785,0.30886552
0.00157,0.587527526
0.002355,0.808736061
0.00314,0.950859461
0.003925,0.999999683
0.00471,0.951351376
0.005495,0.809671788
0.00628,0.588815562
0.007065,0.31037991
0.00785,0.001592653
0.008635,-0.307350347
0.00942,-0.586237999
0.010205,-0.807798281
0.01099,-0.950365133
0.011775,-0.999997146
0.01256,-0.951840879
0.013345,-0.810605462
0.01413,-0.590102105
0.014915,-0.311893512
0.0157,-0.003185302
0.016485,0.305834394
0.01727,0.584946986
0.018055,0.806858453
0.01884,0.949868395
0.019625,0.999992073
0.02041,0.952327967
0.021195,0.81153708
0.02198,0.591387151
0.022765,0.313406323
0.000785,0.30886552
0.00157,0.587527526
0.002355,0.808736061
0.00314,0.950859461
0.003925,0.999999683
0.00471,0.951351376
0.005495,0.809671788
0.00628,0.588815562
0.007065,0.31037991
0.00785,0.001592653
0.008635,-0.307350347
0.00942,-0.586237999
0.010205,-0.807798281
0.01099,-0.950365133
0.011775,-0.999997146
0.01256,-0.951840879
0.013345,-0.810605462
0.01413,-0.590102105
0.014915,-0.311893512
0.0157,-0.003185302
0.016485,0.305834394
0.01727,0.584946986
0.018055,0.806858453
0.01884,0.949868395
0.019625,0.999992073
0.02041,0.952327967
0.021195,0.81153708
0.02198,0.591387151
0.022765,0.313406323
0.000785,0.30886552
0.00157,0.587527526
0.002355,0.808736061
0.00314,0.950859461
0.003925,0.999999683
0.00471,0.951351376
0.005495,0.809671788
0.00628,0.588815562
0.007065,0.31037991
0.00785,0.001592653
0.008635,-0.307350347
0.00942,-0.586237999
0.010205,-0.807798281
0.01099,-0.950365133
0.011775,-0.999997146
0.01256,-0.951840879
0.013345,-0.810605462
0.01413,-0.590102105
0.014915,-0.311893512
0.0157,-0.003185302
0.016485,0.305834394
0.01727,0.584946986
0.018055,0.806858453
0.01884,0.949868395
0.019625,0.999992073
0.02041,0.952327967
0.021195,0.81153708
0.02198,0.591387151
0.022765,0.313406323
0.000785,0.30886552
0.00157,0.587527526
0.002355,0.808736061
0.00314,0.950859461
0.003925,0.999999683
0.00471,0.951351376
0.005495,0.809671788
0.00628,0.588815562
0.007065,0.31037991
0.00785,0.001592653
0.008635,-0.307350347
0.00942,-0.586237999
0.010205,-0.807798281
0.01099,-0.950365133
0.011775,-0.999997146
0.01256,-0.951840879
0.013345,-0.810605462
0.01413,-0.590102105
0.014915,-0.311893512
0.0157,-0.003185302
0.016485,0.305834394
0.01727,0.584946986
0.018055,0.806858453
0.01884,0.949868395
0.019625,0.999992073
0.02041,0.952327967
0.021195,0.81153708
0.02198,0.591387151
0.022765,0.313406323
0.000785,0.30886552
0.00157,0.587527526
0.002355,0.808736061
0.00314,0.950859461
0.003925,0.999999683
0.00471,0.951351376
0.005495,0.809671788
0.00628,0.588815562
0.007065,0.31037991
0.00785,0.001592653
0.008635,-0.307350347
0.00942,-0.586237999
0.010205,-0.807798281
0.01099,-0.950365133
0.011775,-0.999997146
0.01256,-0.951840879
0.013345,-0.810605462
0.01413,-0.590102105
0.014915,-0.311893512
0.0157,-0.003185302
0.016485,0.305834394
0.01727,0.584946986
0.018055,0.806858453
0.01884,0.949868395
0.019625,0.999992073
0.02041,0.952327967
0.021195,0.81153708
0.02198,0.591387151
0.022765,0.313406323
0.000785,0.30886552
0.00157,0.587527526
0.002355,0.808736061
0.00314,0.950859461
0.003925,0.999999683
0.00471,0.951351376
0.005495,0.809671788
0.00628,0.588815562
0.007065,0.31037991
0.00785,0.001592653
0.008635,-0.307350347
0.00942,-0.586237999
0.010205,-0.807798281
0.01099,-0.950365133
0.011775,-0.999997146
0.01256,-0.951840879
0.013345,-0.810605462
0.01413,-0.590102105
0.014915,-0.311893512
0.0157,-0.003185302
0.016485,0.305834394
0.01727,0.584946986
0.018055,0.806858453
0.01884,0.949868395
0.019625,0.999992073
0.02041,0.952327967
0.021195,0.81153708
0.02198,0.591387151
0.022765,0.313406323
0.000785,0.30886552
0.00157,0.587527526
0.002355,0.808736061
0.00314,0.950859461
0.003925,0.999999683
0.00471,0.951351376
0.005495,0.809671788
0.00628,0.588815562
0.007065,0.31037991
0.00785,0.001592653
0.008635,-0.307350347
0.00942,-0.586237999
0.010205,-0.807798281
0.01099,-0.950365133
0.011775,-0.999997146
0.01256,-0.951840879
0.013345,-0.810605462
0.01413,-0.590102105
0.014915,-0.311893512
0.0157,-0.003185302
0.016485,0.305834394
0.01727,0.584946986
0.018055,0.806858453
0.01884,0.949868395
0.019625,0.999992073
0.02041,0.952327967
0.021195,0.81153708
0.02198,0.591387151
0.022765,0.313406323
0.000785,0.30886552
0.00157,0.587527526
0.002355,0.808736061
0.00314,0.950859461
0.003925,0.999999683
0.00471,0.951351376
0.005495,0.809671788
0.00628,0.588815562
0.007065,0.31037991
0.00785,0.001592653
0.008635,-0.307350347
0.00942,-0.586237999
0.010205,-0.807798281
0.01099,-0.950365133
0.011775,-0.999997146
0.01256,-0.951840879
0.013345,-0.810605462
0.01413,-0.590102105
0.014915,-0.311893512
0.0157,-0.003185302
0.016485,0.305834394
0.01727,0.584946986
0.018055,0.806858453
0.01884,0.949868395
0.019625,0.999992073
0.02041,0.952327967
0.021195,0.81153708
0.02198,0.591387151
0.022765,0.313406323
0.000785,0.30886552
0.00157,0.587527526
0.002355,0.808736061
0.00314,0.950859461
0.003925,0.999999683
0.00471,0.951351376
0.005495,0.809671788
0.00628,0.588815562
0.007065,0.31037991
0.00785,0.001592653
0.008635,-0.307350347
0.00942,-0.586237999
0.010205,-0.807798281
0.01099,-0.950365133
0.011775,-0.999997146
0.01256,-0.951840879